firstname,lastname,email,phone,address,city,country,person_domain
Rebecca,Davis,rebecca.davis@ramirez.org,5128840206,1012 Duncan Streets,Wilsonview,French Polynesia,ramirez.org
Nicholas,Bray,nicholas.bray@waters.net,+1-487-837-1113x3066,506 Burke Oval Apt. 137,Beckburgh,Luxembourg,waters.net
Lisa,Mccormick,lisa.mccormick@gomez.net,530.821.1714x70640,57976 Brian Rest Suite 694,Veronicaside,Bouvet Island (Bouvetoya),gomez.net
Melinda,Reed,melinda.reed@gomez.com,648.724.3961x71854,118 Stevenson Motorway Suite 158,New Mariamouth,Bosnia and Herzegovina,gomez.com
Tony,Pacheco,tony.pacheco@murray.biz,6815311818,5539 Richard Vista,New Josephside,Saint Vincent and the Grenadines,murray.biz
Tara,Schwartz,tara.schwartz@wright.org,(953)520-4673x176,450 Kane Pines,South Cynthiahaven,Suriname,wright.org
Sara,Jones,sara.jones@gonzalez-martinez.com,+1-532-362-5700x49947,736 Maxwell Gateway Apt. 600,South Michaelfort,Tonga,gonzalez-martinez.com
Courtney,Vincent,courtney.vincent@rogers-stanley.biz,+1-726-210-1179x9422,765 Mills Falls,Tommychester,Lesotho,rogers-stanley.biz
James,Preston,james.preston@schmidt.org,812.806.5053x451,3867 Silva Squares,Joshuaborough,Turks and Caicos Islands,schmidt.org
Jesus,Tyler,jesus.tyler@miles.com,969-352-6916x08520,833 Dana Underpass Suite 251,East Daniel,Tajikistan,miles.com
Carlos,Stanton,carlos.stanton@johnson.net,(646)392-1345x97701,32063 Frank Fords Apt. 988,Diazside,Portugal,johnson.net
Sean,Wilson,sean.wilson@bernard.com,(478)798-4480x0927,42839 Mitchell Glens,Melissafurt,Vietnam,bernard.com
Stephanie,Gonzalez,stephanie.gonzalez@gomez.com,489-614-8747x60135,078 Daniel Keys,Daltonstad,Palau,gomez.com
Philip,Simpson,philip.simpson@turner.com,374.865.3676x2213,36022 Shane Turnpike Apt. 261,Alisontown,Micronesia,turner.com
Michael,Wilson,michael.wilson@choi-mccarthy.com,001-266-485-6544x8611,0939 Crystal Causeway,Port William,Saint Pierre and Miquelon,choi-mccarthy.com
Alexander,Franklin,alexander.franklin@ramirez-thomas.biz,591.892.7047x5173,32769 Kenneth Road,Manningport,Papua New Guinea,ramirez-thomas.biz
Kara,Perkins,kara.perkins@barnes.org,+1-792-496-3858,57920 Sandra Summit Apt. 092,Lake Ericview,Guyana,barnes.org
Edward,Mathews,edward.mathews@cuevas-buckley.com,770-785-8680x934,785 Crystal Causeway,Cynthiaton,Greece,cuevas-buckley.com
Amy,Williams,amy.williams@smith-delacruz.com,5588818888,1308 Wright Common Apt. 300,Boydland,Gambia,smith-delacruz.com
Destiny,Vargas,destiny.vargas@choi-mccarthy.com,997-760-9406x306,52634 Cook Mountains Suite 983,New Shannonland,Pitcairn Islands,choi-mccarthy.com
Brittany,Clayton,brittany.clayton@adams.net,+1-647-621-1723x00582,53645 James Viaduct Apt. 632,East Annaport,Czech Republic,adams.net
Justin,Reyes,justin.reyes@gonzales.com,+1-975-449-9605,9518 Mcclain Crossing,Port Jennifermouth,Cuba,gonzales.com
Larry,Pruitt,larry.pruitt@flores-norman.net,+1-638-227-8215x45861,6167 Matthew Unions,West Eric,France,flores-norman.net
Steven,Cook,steven.cook@kramer-malone.com,+1-423-634-1593,02784 Cindy Mount,Port Richardfort,French Polynesia,kramer-malone.com
Jill,Torres,jill.torres@ramirez.org,498-630-4255,087 Nicole Ranch Apt. 726,East Amberbury,Bulgaria,ramirez.org
Crystal,Lee,crystal.lee@johnson.net,001-460-640-6740x52857,266 Robert Motorway Apt. 648,East Kevin,Sri Lanka,johnson.net
Jennifer,Kirk,jennifer.kirk@turner.com,387.509.9879x9365,434 Christine Corners Suite 327,Lovemouth,Myanmar,turner.com
Jason,Hill,jason.hill@grant.com,001-518-544-4639x8191,825 Thompson Street Suite 771,Brianshire,Ethiopia,grant.com
Jessica,Johnson,jessica.johnson@cuevas-buckley.com,(536)485-3194x31877,265 Stevenson Mountains,South Cassandraport,France,cuevas-buckley.com
Brandon,Miller,brandon.miller@brooks-mccullough.com,3524632568,81877 Sarah Dale,East Patricia,Poland,brooks-mccullough.com
Jason,Rose,jason.rose@bradley-richards.com,231.240.1711,096 Lopez Rapid,Thompsonburgh,Saudi Arabia,bradley-richards.com
Tonya,Delgado,tonya.delgado@wright.org,(462)211-8414x5783,7888 Sutton Glen,New Amyhaven,Guadeloupe,wright.org
Susan,Bender,susan.bender@morales-schwartz.com,7235606483,79337 Ross Lane Apt. 645,North Jodiville,New Caledonia,morales-schwartz.com
Mike,Davenport,mike.davenport@coleman-carter.com,+1-460-367-1222x742,031 Andersen Club Suite 422,Bellburgh,Papua New Guinea,coleman-carter.com
Richard,Clay,richard.clay@waters.net,001-444-896-6708x091,405 King Forest,New Jasonbury,Brazil,waters.net
Carrie,Anderson,carrie.anderson@hicks.com,754-980-6771,310 Darryl Path,Lake Andrew,Montserrat,hicks.com
Shannon,Davis,shannon.davis@turner-braun.com,001-569-389-3437x1751,02762 Christina Key,Stevensfort,Canada,turner-braun.com
Ernest,Smith,ernest.smith@rose.com,974-596-9446,711 Knight Avenue,Kelleyton,Peru,rose.com
Bryan,Turner,bryan.turner@mitchell.com,+1-976-999-8903x96592,334 Shannon Manors Suite 084,Jamesmouth,Korea,mitchell.com
Bonnie,Herman,bonnie.herman@jenkins-ruiz.net,(536)323-0398x267,54913 Steven Center Suite 014,Sanchezberg,Cambodia,jenkins-ruiz.net
Lisa,Wolfe,lisa.wolfe@nunez.info,001-481-988-4365x7455,03127 Olson Mews Suite 774,Christopherfurt,Iceland,nunez.info
Michelle,Holmes,michelle.holmes@osborn-lopez.com,(860)634-3121x497,1990 Marcus Rue,Ianstad,Ghana,osborn-lopez.com
Jason,Martin,jason.martin@mcfarland-bean.com,406-651-3529x57648,01923 Wheeler Underpass Apt. 894,Port Kayla,Switzerland,mcfarland-bean.com
Gary,Neal,gary.neal@acosta.com,230.393.9085x7020,74348 Perkins Shores Apt. 544,Wellsborough,Mali,acosta.com
Victoria,Whitaker,victoria.whitaker@watson.info,+1-909-675-3669x096,94250 Sullivan Vista,East Ronald,Heard Island and McDonald Islands,watson.info
Brian,Williams,brian.williams@mullins.com,223-445-4830,4326 Welch Ways Apt. 049,Lake Johnton,Bosnia and Herzegovina,mullins.com
Peter,Jones,peter.jones@flores.info,(440)236-5259x067,30152 Tonya Glens Apt. 446,West Katelynhaven,Micronesia,flores.info
Kristen,Rowland,kristen.rowland@turner.com,+1-664-556-2154x168,110 Proctor Shoal Suite 004,West Aaron,Netherlands,turner.com
Angela,Thompson,angela.thompson@jenkins-ruiz.net,001-728-519-7095x9321,948 Rachel Spurs Suite 427,South Jennifertown,Niue,jenkins-ruiz.net
Ann,Hunt,ann.hunt@turner-braun.com,+1-766-692-5561,448 Christian Lock Apt. 023,Martinmouth,San Marino,turner-braun.com
Sherri,Howard,sherri.howard@phillips-graham.biz,001-515-316-4933,84377 Jones Fords Suite 059,West Amy,Chad,phillips-graham.biz
Diana,Blankenship,diana.blankenship@nichols.com,789.999.5465,3678 Kevin Falls Apt. 474,Sanchezmouth,Cambodia,nichols.com
Steven,Moore,steven.moore@young-cain.com,001-996-606-5272,788 Thomas Forge,New Mariaberg,Albania,young-cain.com
Christina,Martin,christina.martin@mejia-smith.biz,+1-901-295-2858x25423,107 Darlene Curve,North Brandonview,Gibraltar,mejia-smith.biz
Jonathan,Huynh,jonathan.huynh@miles.com,(435)781-9307x424,33196 Smith Flat,North Ashleyport,Paraguay,miles.com
Karen,Schmidt,karen.schmidt@acosta.com,001-619-208-5792,2704 Watson Harbors,Westside,Cook Islands,acosta.com
Sherri,Hall,sherri.hall@gray.com,(852)426-6732,28024 Jason Crossroad,Joshuatown,Hungary,gray.com
Christopher,Hutchinson,christopher.hutchinson@wiggins-alvarez.info,(882)572-1269,8700 Jonathan Falls Apt. 359,New Austinchester,Egypt,wiggins-alvarez.info
John,Todd,john.todd@cox.com,+1-263-676-4271x5296,43525 Barry Corners Suite 714,South Staciebury,Montenegro,cox.com
Kevin,Allen,kevin.allen@coleman-carter.com,001-662-730-6790,55449 Christina Ridges,New Donald,Bahrain,coleman-carter.com
Kimberly,Le,kimberly.le@jenkins-ruiz.net,772-876-9390,19238 Lang Ville,North Frank,Italy,jenkins-ruiz.net
Miranda,Navarro,miranda.navarro@wright.org,(792)641-2707x757,7289 David Squares,Cooleyhaven,Turkmenistan,wright.org
Anthony,Perry,anthony.perry@huynh-smith.net,+1-386-836-0623,071 Macias Plains Suite 636,West John,Ukraine,huynh-smith.net
Emily,Bailey,emily.bailey@jenkins-ruiz.net,822.864.9123,659 Justin Plaza Apt. 303,New Tonya,Czech Republic,jenkins-ruiz.net
Jennifer,Byrd,jennifer.byrd@flores.info,255.216.9729x16038,81624 Matthew Square Suite 881,Robertsfort,Mauritius,flores.info
Kayla,Hoffman,kayla.hoffman@chapman-pearson.com,619-991-3341x8252,486 Matthew Glen,New Jonborough,Guam,chapman-pearson.com
Robert,Humphrey,robert.humphrey@turner-braun.com,517.363.4862x73275,486 Thomas Cliff Apt. 967,Brandtchester,Micronesia,turner-braun.com
Michael,Erickson,michael.erickson@rodriguez-middleton.com,963-350-1480x9831,68735 Stein Cove Apt. 859,Thomasport,Djibouti,rodriguez-middleton.com
Seth,Sanchez,seth.sanchez@baker-blackburn.com,6164527788,2690 Angelica Burgs,Coryfort,Iceland,baker-blackburn.com
Michael,Martin,michael.martin@gregory-webster.org,(247)454-3509,45429 Juan Lodge Suite 449,Williamsmouth,Colombia,gregory-webster.org
Brittany,Nelson,brittany.nelson@weber-benitez.com,541.926.2846x4403,80943 Espinoza Plaza Apt. 456,Wendyberg,Seychelles,weber-benitez.com
Nicole,Baker,nicole.baker@ramirez-thomas.biz,001-652-719-3100,09139 Susan Pass Apt. 975,Williammouth,Cambodia,ramirez-thomas.biz
Ann,Hart,ann.hart@gray.com,001-862-592-8249x250,521 Benson Curve,Daughertyhaven,Qatar,gray.com
Jeffery,Rogers,jeffery.rogers@smith-delacruz.com,+1-994-791-9193x0387,06675 Robert Mountain,Johnview,Kazakhstan,smith-delacruz.com
Rachel,Fernandez,rachel.fernandez@zavala-thomas.info,548-823-8639x9075,08456 Deborah Walks,East Daniel,Senegal,zavala-thomas.info
Steven,Garcia,steven.garcia@gomez-morris.info,4159117818,98043 Foster Groves,Crystalchester,Mali,gomez-morris.info
Erika,Cox,erika.cox@aguilar.com,+1-483-496-2344,111 Carter Branch,East Michaelport,Argentina,aguilar.com
Ryan,Webb,ryan.webb@roberson-williams.info,+1-250-843-9996x388,049 Brown Fields,Billytown,Niger,roberson-williams.info
Richard,Pearson,richard.pearson@osborn-lopez.com,552.328.9474x4236,44852 Harrison Tunnel,Perryview,Sweden,osborn-lopez.com
Mark,Barnes,mark.barnes@gomez-morris.info,(571)241-4074x81103,05067 Jeffery Causeway Suite 289,Port Casey,Nepal,gomez-morris.info
Derek,Swanson,derek.swanson@lewis.com,+1-768-456-4613x593,255 Hawkins Brook Suite 686,East Davidville,Cook Islands,lewis.com
Dawn,Lloyd,dawn.lloyd@peterson.com,001-307-268-8833x76420,46315 Erik Estate Apt. 088,South Lisafurt,Paraguay,peterson.com
Bethany,Williams,bethany.williams@bernard.com,001-470-398-4753x87492,46959 Janice Mountain,Alyssashire,Monaco,bernard.com
Cindy,Calhoun,cindy.calhoun@coleman-carter.com,847.251.5632x0639,84541 Jonathan Camp Suite 148,Leeburgh,Ukraine,coleman-carter.com
Keith,Peterson,keith.peterson@grant.com,+1-426-600-4521x74137,80714 John Parkway Apt. 385,Lake Christian,Belarus,grant.com
Cameron,Harvey,cameron.harvey@wright.info,001-932-577-7462x16826,2223 Brett Branch,South Rachel,Namibia,wright.info
Jeremy,Gibson,jeremy.gibson@cuevas-buckley.com,9424820758,9657 Tina Cliff,Lake Sarahbury,Portugal,cuevas-buckley.com
Dawn,Williams,dawn.williams@hicks.com,+1-713-767-1487,22419 Scott Fork Suite 434,Lambberg,Kiribati,hicks.com
Andrew,Atkinson,andrew.atkinson@kirby-hayes.biz,001-282-733-8277,3997 Nathan Springs,Blackfort,Algeria,kirby-hayes.biz
Courtney,Smith,courtney.smith@wiggins-alvarez.info,(684)493-0176,56278 Salinas Pines Apt. 299,Morenoland,Montserrat,wiggins-alvarez.info
Angel,Armstrong,angel.armstrong@little.info,(270)320-2292x6270,53932 Stanley Isle Apt. 802,Gonzalesshire,Bermuda,little.info
Shawn,Smith,shawn.smith@gonzales.com,+1-822-966-7467x5938,933 Peters Square,Port Michael,Belgium,gonzales.com
Mitchell,Bell,mitchell.bell@phillips-graham.biz,591.480.1912x90727,900 Malone Course,Contrerasville,United Arab Emirates,phillips-graham.biz
Samantha,Nelson,samantha.nelson@barton.info,(867)915-3781,612 Rebecca Orchard,East Gregoryberg,Saint Martin,barton.info
Anthony,Forbes,anthony.forbes@turner-braun.com,377-979-2513x815,30303 Horton Ville,New Laurenborough,Algeria,turner-braun.com
Sarah,Parker,sarah.parker@reed.com,(472)958-5578x09951,93537 Smith Court,Port Paul,Venezuela,reed.com
Steven,Kelley,steven.kelley@gomez.com,214.263.3696x14266,89701 Gomez Row Apt. 810,Lake Shawn,Thailand,gomez.com
Phyllis,Day,phyllis.day@simon.com,(570)603-9138x874,2349 Jennifer Streets,Paulbury,Bahamas,simon.com
Cynthia,Valencia,cynthia.valencia@mitchell.com,7295787552,86919 Maria Forge Apt. 699,Josephland,Palau,mitchell.com
Carly,Benjamin,carly.benjamin@mitchell.com,212-569-5240,779 Jeremy Mountains Suite 053,North Beth,Dominican Republic,mitchell.com
