firstname,lastname,email,phone,address,city,country,person_domain
Shannon,Guzman,khale@gmail.com,984.881.3846x8147,71785 Wolf Locks,Shelbymouth,Tuvalu,gmail.com
Christina,Hubbard,jennifer30@yahoo.com,340.542.9987,61842 Paula Hill,West Jasonport,Vietnam,yahoo.com
Amy,Bryant,bruceroberts@hotmail.com,+1-908-956-9867x536,9465 Madeline Common,Amyview,Saint Barthelemy,hotmail.com
Katherine,Johnson,lamdean@hotmail.com,(951)627-4619,948 Richard Motorway Apt. 337,Port Megan,Benin,hotmail.com
Teresa,Thompson,whitecrystal@gmail.com,001-937-354-8679,9513 Bates Mills Suite 102,Hillside,Germany,gmail.com
Chelsea,Miller,haydengarza@gmail.com,001-974-774-8123x39939,55776 Reed Plains Suite 494,Stoutburgh,Svalbard & Jan Mayen Islands,gmail.com
Kylie,Hardy,willieturner@gmail.com,(428)603-9914x68064,1054 Hughes Coves Apt. 383,Hollymouth,Oman,gmail.com
Janet,Carpenter,phillipsdonald@gmail.com,(862)889-6895x257,5583 Debra Vista,Port Christopherview,Ireland,gmail.com
Kevin,Ford,upacheco@yahoo.com,423-562-9983x637,4338 West Ranch Suite 189,East Matthewchester,Tuvalu,yahoo.com
Cynthia,Grant,virginiarobinson@gmail.com,941-276-4132x13844,0052 Justin View,Jasonbury,Jordan,gmail.com
Jeffrey,Palmer,anna44@gmail.com,(995)540-6585x19180,3917 Timothy Grove,Jonathantown,United States Virgin Islands,gmail.com
Amanda,Stevens,stephenfisher@gmail.com,001-705-750-0010x44552,5258 Wilson Causeway,Brianville,Angola,gmail.com
Justin,Bailey,brittany68@yahoo.com,001-480-829-5456x21904,371 Robertson Square Suite 075,South Jared,Palau,yahoo.com
Taylor,Taylor,samuelgraham@hotmail.com,740-705-4759x70500,2174 Schaefer Crescent Apt. 528,Lake Ashley,Croatia,hotmail.com
Steven,Smith,hullwilliam@gmail.com,910.849.3200,281 Dana Land,New Richard,Ecuador,gmail.com
Danielle,Gomez,etravis@yahoo.com,+1-518-641-9311x9969,58099 Kylie Run Apt. 972,New Matthewtown,Puerto Rico,yahoo.com
Kristine,Ramirez,ysullivan@yahoo.com,+1-223-308-7711x8773,37786 Pearson Village Suite 285,Matthewsberg,Ecuador,yahoo.com
Deborah,King,scott35@hotmail.com,388-332-7583,10401 Emily Fall Suite 787,Kevinfort,Bouvet Island (Bouvetoya),hotmail.com
Kathy,Fox,blandry@yahoo.com,494.869.7662x9154,61654 Alvarado Rapids Suite 164,Port Cynthia,Vietnam,yahoo.com
Jesse,Miller,brittanygreen@hotmail.com,001-249-591-9672x0736,0458 Collins Stravenue Apt. 863,Loriborough,Guatemala,hotmail.com
Bobby,Blair,bookerdiane@hotmail.com,6278016457,207 Shields Fall,Sandyview,San Marino,hotmail.com
Gary,Davis,wjackson@hotmail.com,+1-654-463-1822x18421,372 Lisa Mall Apt. 551,New Morgan,Armenia,hotmail.com
Amber,Taylor,brownkelly@yahoo.com,225-612-0083x50468,38431 Kevin Drive,East Danielmouth,Slovakia (Slovak Republic),yahoo.com
Tanner,Silva,fosterashley@yahoo.com,352-246-6147x8333,1530 Alexis Plaza Suite 799,South Michael,Niue,yahoo.com
Justin,Williams,tristanallison@yahoo.com,001-301-504-2833,048 Rhonda Valleys Suite 409,West Williamfort,Brunei Darussalam,yahoo.com
Desiree,Martinez,chavezamanda@hotmail.com,(339)228-5351,56502 Whitney Manors Suite 481,Port John,Iran,hotmail.com
Kevin,Cole,christopherwalker@hotmail.com,522.672.0590x3600,67572 Amber Wells,Craigtown,Chad,hotmail.com
Sandy,Brown,dixonelizabeth@yahoo.com,371.299.2112,012 Williams Isle Apt. 612,East Michaela,Bosnia and Herzegovina,yahoo.com
Tracy,Ferguson,erin14@yahoo.com,(515)816-1805x198,416 Parks Square,New Mariah,Singapore,yahoo.com
Todd,Fowler,alison96@yahoo.com,651.704.3265x0813,005 Leblanc Knolls,Stephensonview,Cuba,yahoo.com
Brandon,Palmer,mark38@yahoo.com,335.676.9122x24630,2628 Kristine Ferry Suite 362,South Jamesland,Christmas Island,yahoo.com
John,Hutchinson,katherine33@hotmail.com,+1-349-672-1783x058,562 Nelson Vista,Hillville,Sao Tome and Principe,hotmail.com
James,Hill,angelamunoz@gmail.com,+1-668-742-9994x5878,864 Davis Prairie,Zunigaview,Haiti,gmail.com
Deborah,Taylor,eileensmith@gmail.com,001-645-648-0311,816 Anna Center Apt. 630,Lake Christophermouth,British Virgin Islands,gmail.com
Laurie,Austin,hilljacqueline@gmail.com,951.226.8402x43827,788 Cline Square,North Kevinview,Senegal,gmail.com
Regina,Vargas,haletiffany@hotmail.com,756.804.1689x6385,6973 Rivera Brooks,West Philiptown,Bahamas,hotmail.com
Johnny,Fernandez,wellsspencer@hotmail.com,001-885-897-0364x601,48024 Roberson Squares Apt. 243,East Lynnton,Saint Martin,hotmail.com
Jenna,Ramirez,smithnicole@gmail.com,6696012299,798 Kaufman Port,South Samanthamouth,Azerbaijan,gmail.com
Isaiah,Nicholson,ohobbs@hotmail.com,415.905.9043x379,2234 Debra Bridge Suite 044,West Anthony,Isle of Man,hotmail.com
Deborah,Guerra,charles86@yahoo.com,496-255-2094x69725,6125 Evans Mount,Hodgeview,Kenya,yahoo.com
Jason,Aguirre,garnerjames@gmail.com,+1-504-330-7073x51536,64912 Shelley Extensions Apt. 184,East Patty,United Arab Emirates,gmail.com
Daniel,Johnson,alexandria51@yahoo.com,588-327-9747x7660,6066 Shelby Villages Suite 642,Martinville,Swaziland,yahoo.com
Ronnie,King,oconnormary@gmail.com,+1-617-532-6552,020 Casey Circles Suite 916,Danielville,Tuvalu,gmail.com
Justin,Wallace,smithadam@hotmail.com,(444)993-6801,21696 Diaz Prairie,Port Amy,Botswana,hotmail.com
William,Nelson,urodriguez@yahoo.com,001-721-524-5749,3651 Kelsey Crossroad,Port Andrewville,Zimbabwe,yahoo.com
Keith,Everett,jacob53@gmail.com,001-633-375-4701x302,805 Smith Rue,South Timothyborough,Andorra,gmail.com
Seth,Johnson,zcook@hotmail.com,542-441-7116,141 Catherine Shore,Port Zacharyton,Falkland Islands (Malvinas),hotmail.com
Christopher,Gregory,jessicaowens@gmail.com,891.254.7176x702,29946 Katherine Crossing Suite 459,West Jason,Sierra Leone,gmail.com
Jessica,Sexton,ecruz@gmail.com,(392)704-7486,5244 Guerra Fork,South Audrey,San Marino,gmail.com
Benjamin,Sloan,tfields@hotmail.com,820-517-9027x48601,2208 Ryan Turnpike Suite 462,Joneschester,Puerto Rico,hotmail.com
Ashley,Fletcher,banksvictoria@yahoo.com,564-704-4092,69871 Horton Fords,Lake Kristin,Bermuda,yahoo.com
Mary,Brown,whitegerald@gmail.com,853.747.6415x6536,8988 Gallegos Coves Apt. 293,New Jamesborough,Saint Kitts and Nevis,gmail.com
Scott,Marquez,hudsonallison@gmail.com,(282)936-0588x22023,9363 Katherine Isle,West Donald,Macao,gmail.com
Jeremy,Hayes,jessica69@hotmail.com,550.260.2794x507,3270 Ramirez Springs Apt. 064,Donnatown,Israel,hotmail.com
Steven,Gonzalez,lindajackson@yahoo.com,+1-523-817-0686,984 Nathaniel Divide Apt. 259,Mercedesbury,Israel,yahoo.com
Sheila,Wilson,johnsonxavier@gmail.com,001-325-885-4107x799,499 Morrison Loop Suite 129,Parkerfort,Germany,gmail.com
Marilyn,Curry,hbell@gmail.com,(418)894-6666x40588,3152 Jenny Roads,Lake Terrence,Samoa,gmail.com
Kelly,Pittman,stephanie93@gmail.com,(353)294-6919,258 Perez Junction,West Julie,Vanuatu,gmail.com
Maria,French,bakermatthew@yahoo.com,623.747.4592x34702,78330 Morales Station,Smithland,Nauru,yahoo.com
Rita,Wagner,acox@gmail.com,001-484-856-9728x824,39179 Estes Key,Port Williamtown,Benin,gmail.com
Monica,Valdez,davissamantha@hotmail.com,(521)607-6928,929 Chambers Well,North Dawn,Pakistan,hotmail.com
Vincent,Stewart,ehayes@yahoo.com,(866)853-7645x69141,088 Stone Fork Suite 032,Port Shanetown,Ireland,yahoo.com
Michael,Thornton,gmelendez@hotmail.com,+1-350-381-4394,647 Huerta Mission,Timothyhaven,United States of America,hotmail.com
Justin,Schmidt,timothy79@yahoo.com,001-739-314-7877,722 Nichols Highway Suite 918,Dudleystad,Azerbaijan,yahoo.com
Barbara,Neal,jacob92@yahoo.com,9524835180,5958 Lynn Parkways,Robertborough,Slovenia,yahoo.com
Melissa,Meyer,carlsonmargaret@gmail.com,001-712-819-5246x66451,7525 Scott Light Apt. 395,Clarkmouth,India,gmail.com
Michael,Patel,samuel11@gmail.com,217-663-5712x5154,1809 Castro Isle,Lopezville,Nepal,gmail.com
Lisa,Garcia,markbrooks@gmail.com,+1-982-452-7369,2251 Michael Extension,New Jeffreybury,Guatemala,gmail.com
Donna,Newman,rogersdeborah@yahoo.com,814-883-1014x62044,282 Charles Motorway Apt. 148,Jessicaland,Malawi,yahoo.com
Perry,Dean,jamesgonzalez@hotmail.com,(970)470-1932,13943 Cunningham Isle,East Hannahfurt,Botswana,hotmail.com
Darrell,Jones,andrea38@gmail.com,(988)407-0333x1455,50088 Freeman Common,Port Debra,Bolivia,gmail.com
Julia,Fox,anthonyhernandez@gmail.com,507.554.2693,918 Mitchell Run Apt. 661,Port Debramouth,Kenya,gmail.com
Robert,Martinez,alexandergraham@yahoo.com,203.662.0243x7739,9216 Gonzales Loop,South Jessica,Croatia,yahoo.com
Elizabeth,Richards,jeromecannon@yahoo.com,416-825-9868x54317,36917 Holmes Parkway,Petersonton,Solomon Islands,yahoo.com
Sheri,Barnes,kenneth62@gmail.com,001-644-492-5484x95886,48750 Craig Rapids,Lloydchester,Guam,gmail.com
William,Howell,connie30@hotmail.com,410.761.2308x5138,1832 Smith Mills Apt. 184,Lake Maryshire,Guinea,hotmail.com
Zachary,Wallace,theresa54@hotmail.com,625-848-9963x3407,1763 Thomas Roads,Martinezside,Guernsey,hotmail.com
Matthew,Cox,jessicajames@hotmail.com,(535)988-4435x4983,24777 Timothy Summit,Valenciachester,Iraq,hotmail.com
Stephanie,Lopez,obennett@hotmail.com,905.961.8416x87348,052 Evan Trail,Shawborough,Israel,hotmail.com
Johnny,Briggs,crystalbrown@gmail.com,(645)286-2806x920,41396 Johnson Branch Suite 863,Port Brian,Guernsey,gmail.com
Janet,Hawkins,danielle18@gmail.com,734-956-8538,77748 Amy Rapids Apt. 200,North Daniel,Falkland Islands (Malvinas),gmail.com
Justin,Adams,brendan78@yahoo.com,261.599.9596x4071,0793 Veronica Corners Suite 867,North Robin,Papua New Guinea,yahoo.com
Michael,Thomas,craigerickson@yahoo.com,255-928-6976x164,81196 Davis Street Apt. 239,Lake Josephmouth,Bahamas,yahoo.com
Lisa,Young,hernandezseth@yahoo.com,001-206-505-6810x54035,246 Matthew Squares Apt. 048,Benjaminport,Taiwan,yahoo.com
Becky,Smith,alexwilson@gmail.com,379.480.6674,745 Riley Drive Apt. 672,Davisbury,Saint Helena,gmail.com
Derek,Irwin,charles41@gmail.com,(246)473-3235x43570,1369 Nixon Land Suite 569,New Ashley,Libyan Arab Jamahiriya,gmail.com
David,Ross,mitchelleric@hotmail.com,852.764.7878,38206 Morales Curve Apt. 451,Tracyborough,Mongolia,hotmail.com
Lori,Mason,erin70@hotmail.com,(830)485-2320,90195 Natasha Bridge,Port Haley,Egypt,hotmail.com
Robert,Torres,barbaragriffin@gmail.com,740.998.0827x98342,38276 Martin Summit Suite 748,Williamschester,Cayman Islands,gmail.com
Kevin,Harvey,brandon25@yahoo.com,(786)430-9789x6884,714 Castillo Walk,Campbellstad,Isle of Man,yahoo.com
David,Bell,andrewfuller@hotmail.com,352.301.3133x85099,580 Crawford Lane Apt. 433,Alexandraview,Turkey,hotmail.com
Sarah,Mckenzie,nsmith@yahoo.com,759.744.5474,53769 Eddie Crossing,Stephaniefort,Pitcairn Islands,yahoo.com
Nicole,Carpenter,tristan37@gmail.com,+1-475-262-7199x02405,1443 York Rest,Tanyastad,Mongolia,gmail.com
Riley,Padilla,xjackson@gmail.com,001-735-509-5340x64026,54902 Paul Mills Apt. 048,West Ronald,Ukraine,gmail.com
George,Roberts,jweiss@gmail.com,001-983-671-7027x5688,5927 Amber Ways Suite 834,Shelbyberg,Cocos (Keeling) Islands,gmail.com
John,Lloyd,wendy83@gmail.com,301-455-7375,9187 Oscar Divide,North Matthew,Saint Barthelemy,gmail.com
Stacey,Rios,flong@hotmail.com,+1-614-511-9924x3882,0239 Winters Light,East Danielton,Australia,hotmail.com
Edwin,Lambert,michele37@gmail.com,876-705-6023x24567,94535 Cortez Greens,North Maureenshire,Romania,gmail.com
Alan,Miller,dylangallegos@yahoo.com,(851)719-8301x25324,15707 Paul Points,Robinsonport,Dominican Republic,yahoo.com
Paul,Marks,carolyn96@gmail.com,622-569-3320x791,655 Jacobs Port,Annside,Holy See (Vatican City State),gmail.com
669-8115x0604,3518 Benjamin Springs,new karen,Benin,,,,
